,city,county,state,props,hisp_prop_p_2010,black_prop_p_2010,white_prop_p_2010,hisp_prop_c_2010,black_prop_c_2010,white_prop_c_2010,hisp_prop_v_2010,black_prop_v_2010,white_prop_v_2010,hisp_prop_p_2020,black_prop_p_2020,white_prop_p_2020,hisp_prop_c_2020,black_prop_c_2020,white_prop_c_2020,hisp_prop_v_2020,black_prop_v_2020,white_prop_v_2020,rpv_county
1,akron,Summit,OH,1,0.021079048,0.313393174,0.611527309,0.012763045,0.292142698,0.667283542,0.017784865,0.28675328,0.65525303,0.032529005,0.311274708,0.539835918,0.018469142,0.285963524,0.644905298,0.027061562,0.288446886,0.58792522,Summit
2,albany,Albany,NY,1,0.085721496,0.291049144,0.540224096,0.054449629,0.247921158,0.647837957,0.072091981,0.251802067,0.600717819,NA,NA,NA,NA,NA,NA,NA,NA,NA,Albany
3,albuquerque,Bernalillo,NM,1,0.466517417,0.027301461,0.421826992,0.37798353,0.030268457,0.517225329,0.420718834,0.02798501,0.471224167,0.476979306,0.029485321,0.37716223,0.436254348,0.02716299,0.45319015,0.441401029,0.029741514,0.41640532,Bernalillo
4,anaheim,Orange,CA,1,0.527954087,0.024384036,0.274487675,0.318038058,0.033107475,0.457604122,0.470021694,0.025844308,0.318813924,0.53825235,0.02439653,0.225413712,0.396749342,0.032074906,0.346945189,0.49696266,0.025710858,0.253902835,Orange
5,anchorage,Anchorage,AK,1,0.075683328,0.052540852,0.626077281,0.053947327,0.051594969,0.708730083,0.063330475,0.051500317,0.672396555,NA,NA,NA,NA,NA,NA,NA,NA,NA,Anchorage
6,ann arbor,Washtenaw,MI,1,0.040967293,0.075565986,0.704548004,0.029477109,0.073404485,0.791343211,0.037484825,0.068764592,0.722651583,0.055127065,0.066229672,0.658922117,0.039194338,0.070658037,0.757327123,0.051037942,0.063803827,0.673145568,Washtenaw
7,antioch,Contra Costa,CA,1,0.317094157,0.166042654,0.356987304,0.224607399,0.169764166,0.471964146,0.284141332,0.154959248,0.406468442,NA,NA,NA,NA,NA,NA,NA,NA,NA,Contra Costa
8,arlington,Tarrant,TX,1,0.274408507,0.183540133,0.448745407,0.138934717,0.186165039,0.600329162,0.234592854,0.172348551,0.501620808,0.306783101,0.223739776,0.349379619,0.199289776,0.225469176,0.487230301,0.272754365,0.215089001,0.390650642,Tarrant
9,atlanta,"Dekalb, Fulton",GA,".08, .92",0.051940122,0.534074068,0.362807283,0.022064903,0.534758539,0.407640059,0.048111039,0.50724032,0.390447555,0.06004635,0.46715377,0.385471611,0.035888054,0.492894209,0.414621681,0.057166304,0.44819417,0.4067733,Fulton
10,augusta,Richmond,GA,1,NA,NA,NA,NA,NA,NA,NA,NA,NA,NA,NA,NA,NA,NA,NA,NA,NA,NA,Richmond
11,aurora,"Adams, Arapahoe,  Douglas",CO,".12, .88 .0",0.286840407,0.150683143,0.472958416,0.123560497,0.1549696,0.656343989,0.240454735,0.146331364,0.531999867,0.30266955,0.153295735,0.416718509,0.174067212,0.16447853,0.573918413,0.268509975,0.149238588,0.461514288,Arapahoe
12,austin,"Hays, Travis, Williamson",TX,".0, .94,.06",0.348515925,0.076377294,0.490443832,0.212546391,0.0892692,0.638773829,0.303924827,0.074707689,0.538355461,0.3249464,0.068602781,0.470880335,0.258904014,0.079378548,0.58108381,0.29632388,0.069166995,0.50397193,Travis
13,bakersfield,Kern,CA,1,0.454863995,0.076467144,0.378802481,0.314268911,0.090925221,0.525892573,0.402980321,0.074017456,0.431956014,0.528108907,0.065297825,0.288071298,0.418147246,0.082040815,0.407568693,0.486389399,0.06511548,0.325115021,Kern
14,baltimore,Baltimore City,MD,1,0.041790725,0.6330528,0.280168828,0.018938574,0.628813199,0.321583613,0.039109879,0.603702902,0.312704441,0.078423932,0.573059173,0.268502164,0.028904334,0.620792223,0.311112705,0.067098151,0.558550806,0.293477722,Baltimore City
15,baton rouge,East Baton Rouge Parish,LA,1,0.036971089,0.451195322,0.469479278,0.019850952,0.421515438,0.532825117,0.036156345,0.413724864,0.509649033,0.066873627,0.450043995,0.418884226,0.021524641,0.44702033,0.493114435,0.060561746,0.42723746,0.451095047,East Baton Rouge Parish
16,birmingham,"Jefferson, Shelby",AL,".97, .03",0.036181065,0.729067798,0.213669302,0.00862168,0.722046801,0.256968679,0.033403419,0.695540328,0.249946399,NA,NA,NA,NA,NA,NA,NA,NA,NA,Jefferson
17,bonita springs,Lee,FL,1,0.224443797,0.006516568,0.75155445,0.063449892,0.002654477,0.923051797,0.174493023,0.00563457,0.804309855,NA,NA,NA,NA,NA,NA,NA,NA,NA,Lee
18,boston,Suffolk,MA,1,0.174714683,0.223774815,0.469869593,0.108199061,0.210877839,0.596081979,0.149267474,0.201876793,0.518175051,0.186661337,0.191330271,0.446178844,0.141973617,0.214514706,0.546029884,0.16417654,0.178266777,0.481021536,Suffolk
19,bremerton,Kitsap,WA,1,0.095961306,0.063456269,0.69448541,0.062478358,0.061754777,0.780645659,0.081634274,0.064068667,0.727297542,NA,NA,NA,NA,NA,NA,NA,NA,NA,Kitsap
20,bridgeport,Fairfield,CT,1,NA,NA,NA,NA,NA,NA,NA,NA,NA,NA,NA,NA,NA,NA,NA,NA,NA,NA,Fairfield
21,brownsville,Cameron,TX,1,0.933088873,0.001875092,0.056143846,0.892770449,0.003164468,0.093231593,0.919407735,0.002138479,0.06874429,NA,NA,NA,NA,NA,NA,NA,NA,NA,Cameron
22,buffalo,Erie,NY,1,0.105310775,0.373641695,0.458466561,0.069874592,0.355285074,0.54674962,0.085673134,0.347384584,0.513701221,0.128044217,0.356018377,0.390365046,0.10145059,0.335459477,0.507675325,0.111200886,0.338966637,0.442116521,Erie
23,canton,Stark,OH,1,0.194514594,0.036803318,0.735417931,0.124274981,0.024719798,0.830895083,0.173271732,0.031563397,0.768019538,NA,NA,NA,NA,NA,NA,NA,NA,NA,Stark
24,cape coral,Lee,FL,1,0.194514594,0.036803318,0.735417931,0.124274981,0.024719798,0.830895083,0.173271732,0.031563397,0.768019538,0.237822385,0.039130884,0.665057343,0.1650378,0.040118279,0.766559894,0.216970846,0.035140328,0.696961198,Lee
25,charleston,"Berkeley, Charleston",SC,".07, .93",0.029348321,0.249780935,0.687816783,0.014500815,0.250996464,0.712199523,0.026578117,0.225197885,0.71825625,0.045135883,0.16592216,0.727841223,0.023932237,0.190475728,0.751238063,0.040119862,0.156816213,0.747871613,Charleston
26,charlotte,Mecklenburg,NC,1,0.131254848,0.344562773,0.450307148,0.037980415,0.359120591,0.559792002,0.114235419,0.330686158,0.487315014,0.163208618,0.325225487,0.396958201,0.06528209,0.379894586,0.495474004,0.142349813,0.321407007,0.42993749,Mecklenburg
27,chattanooga,Hamilton,TN,1,0.055076885,0.347357137,0.558775329,0.016706472,0.33004978,0.632417025,0.045713091,0.321258408,0.600502539,0.091557447,0.289255871,0.546535954,0.025675795,0.298963671,0.632615792,0.071645202,0.274576808,0.58791268,Hamilton
28,chicago,"Cook, Dupage",IL,"1,0",0.288973458,0.323547811,0.317090191,0.174241916,0.36953301,0.400446161,0.252920856,0.310361291,0.362914431,0.298455983,0.286725388,0.314424168,0.211558771,0.318071233,0.396885452,0.271815936,0.28065046,0.345825483,Cook
29,chula vista,San Diego,CA,1,0.582417873,0.040879008,0.203541468,0.46312283,0.055009644,0.303909958,0.546309777,0.042868139,0.235680133,0.597830698,0.046113594,0.158704838,0.53559973,0.058192602,0.224997302,0.57534608,0.047873111,0.178720966,San Diego
30,cleveland,Cuyahoga,OH,1,0.099523726,0.524848917,0.334250151,0.073576551,0.509810545,0.394987167,0.084690828,0.500838863,0.376263475,0.130736518,0.474253748,0.320975208,0.09686871,0.467988984,0.394662493,0.115438266,0.451807301,0.362739473,Cuyahoga
31,colorado springs,El Paso,CO,1,0.160623868,0.058683047,0.707298148,0.109087192,0.05620158,0.782255819,0.134588085,0.057194621,0.745040213,0.18355304,0.055062186,0.652926854,0.137614094,0.060762871,0.740383366,0.158300399,0.055238487,0.688244411,El Paso
32,columbia,"Richland, Lexington",SC,1,NA,NA,NA,NA,NA,NA,NA,NA,NA,NA,NA,NA,NA,NA,NA,NA,NA,NA,"Richland, Lexington"
33,columbus,"Franklin, Delaware, Fairfield",OH,1,NA,NA,NA,NA,NA,NA,NA,NA,NA,NA,NA,NA,NA,NA,NA,NA,NA,NA,"Franklin, Delaware, Fairfield"
34,columbus ga,Muscogee,GA,1,0.059126661,0.459576282,0.431236022,0.035307459,0.459908581,0.473226203,0.052762532,0.439625363,0.465745079,NA,NA,NA,NA,NA,NA,NA,NA,NA,Muscogee
35,concord,Contra Costa,CA,1,0.305624357,0.032670953,0.503196499,0.147070856,0.034356477,0.682985209,0.264281235,0.032358525,0.547145143,NA,NA,NA,NA,NA,NA,NA,NA,NA,Contra Costa
36,corpus christi,"Kleberg,  Nueces, San Patricio",TX,".01, .99, .01",0.597943156,0.039089101,0.331749234,0.538652082,0.042702371,0.398180606,0.558978725,0.039878804,0.370324977,0.606957961,0.039052663,0.302247706,0.595774154,0.041273839,0.335361914,0.576561042,0.040955558,0.330617465,Nueces
37,dallas,"Dallas, Collin, Denton, Kaufman, Rockwall",TX,"1,0,0,0",0.43877612,0.249252268,0.274549558,0.210943974,0.320994929,0.434111738,0.382290317,0.252440382,0.326279059,0.436404126,0.228400691,0.273615637,0.256514367,0.300059661,0.397471,0.394415811,0.230552461,0.311714895,Dallas
38,davenport,Scott,IA,1,0.07273216,0.104873941,0.76665371,0.042069321,0.08961452,0.84170611,0.056300499,0.090349031,0.814741455,0.088290601,0.116322673,0.710187205,0.060170561,0.093096958,0.801673348,0.072012974,0.102826718,0.756342229,Scott
39,denton,Denton,TX,1,0.216994522,0.09877176,0.616865409,0.112960251,0.111270556,0.732889178,0.182881845,0.098316469,0.653585979,NA,NA,NA,NA,NA,NA,NA,NA,NA,Denton
40,denver,Denver,CO,1,0.318350044,0.097350559,0.521502036,0.194230228,0.103145155,0.654806911,0.265547936,0.092764072,0.583090075,0.278754295,0.085348204,0.543411403,0.209858828,0.088080898,0.643642366,0.245185369,0.080204364,0.586983622,Denver
41,des moines,Polk,IA,1,0.119370752,0.100153954,0.705627893,0.038222377,0.084617296,0.834803737,0.091515094,0.086069085,0.761566376,0.156429605,0.11467087,0.609644426,0.070106066,0.088306419,0.775250611,0.126402544,0.098743689,0.670455621,Polk
42,detroit,Wayne,MI,1,0.068245651,0.821852721,0.077817327,0.029547206,0.858524713,0.09139973,0.057663672,0.822788328,0.090015039,NA,NA,NA,NA,NA,NA,NA,NA,NA,Wayne
43,durham,"Durham, Wake, Orange",NC,"1,0,0",0.142517245,0.405164642,0.377918206,0.035031175,0.432129959,0.4800724,0.121394669,0.390313247,0.415103508,0.153814775,0.356961911,0.386407402,0.047173747,0.413953884,0.476499633,0.127816548,0.354336555,0.417619505,Durham
44,el paso,El Paso,TX,1,0.807148767,0.027824627,0.142209259,0.739151915,0.035007064,0.205248356,0.783296209,0.028804333,0.164818194,0.812521856,0.03107899,0.122670829,0.778261797,0.036409447,0.16044987,0.798853458,0.032153492,0.135894854,El Paso
45,eugene,Lane,OR,1,NA,NA,NA,NA,NA,NA,NA,NA,NA,NA,NA,NA,NA,NA,NA,NA,NA,NA,Lane
46,evansville,Vanderburgh,IN,1,0.025591059,0.124832405,0.808854024,0.009882062,0.107472054,0.86615858,0.020696807,0.110293882,0.8441539,0.042694675,0.134989514,0.741768829,0.012962906,0.11886734,0.837636822,0.033811864,0.123951518,0.780385647,Vanderburgh
47,fayetteville,Cumberland,NC,1,0.10092918,0.407484906,0.413086439,0.074694777,0.394258319,0.464896096,0.086445893,0.398805096,0.446472623,0.125990345,0.418190947,0.34492496,0.105172995,0.425906945,0.396554538,0.113913966,0.413815069,0.372209126,Cumberland
48,flint,Genesee,MI,1,0.038363556,0.561414078,0.356614719,0.026867959,0.52501283,0.41923236,0.031838784,0.535096904,0.400075848,NA,NA,NA,NA,NA,NA,NA,NA,NA,Genesee
49,fort collins,Larimer,CO,1,NA,NA,NA,NA,NA,NA,NA,NA,NA,NA,NA,NA,NA,NA,NA,NA,NA,NA,Larimer
50,fort wayne,Allen,IN,1,0.079687447,0.152182538,0.702945936,0.037147072,0.142191498,0.791652427,0.062691696,0.139253231,0.750449091,NA,NA,NA,NA,NA,NA,NA,NA,NA,Allen
51,fort worth,Tarrant,TX,1,0.341703244,0.185445613,0.415402092,0.189935289,0.209772884,0.558598233,0.298447138,0.182351353,0.464506959,0.351772451,0.194272125,0.360882392,0.247065054,0.20583539,0.48491306,0.320463962,0.191571164,0.398215833,Tarrant
52,fremont,Alameda,CA,1,0.148204504,0.031507538,0.265159376,0.125362817,0.037358989,0.406136661,0.135887378,0.030295979,0.297882692,0.126013902,0.022170504,0.165602189,0.130581872,0.044598703,0.279082616,0.121961776,0.023595469,0.190396046,Alameda
53,fresno,Fresno,CA,1,0.468859819,0.076452238,0.300826742,0.350365807,0.085583258,0.441107997,0.419992072,0.074622372,0.357127599,0.505013639,0.069327845,0.239395172,0.42115601,0.078541972,0.345213152,0.465307281,0.069018909,0.279939703,Fresno
54,garland,"Collin County, Dallas,  Rockwall",TX,"0,1,0",0.378475698,0.141972848,0.366451666,0.173102286,0.156084694,0.544516515,0.324132652,0.133532473,0.42767583,0.426716249,0.148070169,0.272604432,0.285883853,0.16748485,0.413486815,0.384403424,0.145379841,0.314395688,Dallas
55,glendale,Maricopa,AZ,1,0.355115965,0.056245816,0.515513152,0.218762885,0.054664094,0.665722215,0.299328498,0.053790579,0.577135768,NA,NA,NA,NA,NA,NA,NA,NA,NA,Maricopa
56,grand rapids,Kent,MI,1,0.155497697,0.201333086,0.58996032,0.066897904,0.192301942,0.712521426,0.120307048,0.179957644,0.658288186,NA,NA,NA,NA,NA,NA,NA,NA,NA,Kent
57,green bay,Brown,WI,1,NA,NA,NA,NA,NA,NA,NA,NA,NA,0.179011934,0.053492678,0.639095823,0.083057945,0.029186389,0.80189196,0.143612062,0.046365368,0.704109747,Brown
58,greensboro,Guilford,NC,1,0.075742351,0.400505002,0.456289982,0.02133686,0.387946775,0.548288101,0.062714795,0.386094094,0.494001189,0.101710001,0.413139926,0.38711735,0.038033876,0.425218315,0.479606114,0.085968152,0.404513071,0.421434473,Guilford
59,gulfport,Harrison,MS,1,0.0516357,0.356132312,0.548697998,0.024659916,0.343632185,0.602803571,0.047983455,0.327814454,0.587242531,0.068813967,0.387546961,0.471828765,0.039811046,0.376660974,0.543154641,0.059366406,0.361070661,0.515966049,Harrison
60,houston,"157, Harris County, Montgomery",TX,".04, .95,. 01",0.434263443,0.230478777,0.259771175,0.244379585,0.302776051,0.392899275,0.390993924,0.23097785,0.298089754,0.439569913,0.220994878,0.237022704,0.308625445,0.278723316,0.335387468,0.406769924,0.222561879,0.265225457,Harris
61,huntsville,"Limestone, Madison, Morgan",AL,".03, .97, 0",0.058185752,0.308481604,0.580953701,0.020701189,0.29892806,0.64180923,0.050186822,0.294069482,0.608909879,0.077558174,0.289835455,0.551789308,0.032434418,0.307076842,0.612942338,0.063855639,0.281137745,0.581484301,Madison
62,indianapolis,Marion,IN,1,0.093499339,0.263954929,0.595425823,0.025428112,0.251287034,0.696493296,0.07643123,0.245513017,0.640742548,0.132310305,0.271863295,0.505165388,0.046446648,0.274173479,0.637719549,0.10928506,0.25839379,0.554699033,Marion
63,indio,Riverside,CA,1,0.682409737,0.019750308,0.26572532,0.508884771,0.039897608,0.428097844,0.618942948,0.022049763,0.326106751,0.691138358,0.020216072,0.240910061,0.60015391,0.033086937,0.343686687,0.642624377,0.022390413,0.286269918,Riverside
64,irvine,Orange,CA,1,NA,NA,NA,NA,NA,NA,NA,NA,NA,0.116536626,0.021600688,0.344703992,0.119993593,0.017687012,0.468691896,0.116303931,0.022287466,0.365515775,Orange
65,irving,Dallas,TX,1,0.411325172,0.118128067,0.307734693,0.217422855,0.147655554,0.539332964,0.358993871,0.117482021,0.360798209,0.410851049,0.123559086,0.210314054,0.297580317,0.188044811,0.371395778,0.379396045,0.125659774,0.246812969,Dallas
66,jackson,"Hinds, Madison, Rankin",MS,".98, .02, 0",0.015707833,0.790894879,0.179944968,0.007653321,0.756193967,0.227878466,0.015193151,0.75846623,0.213800114,NA,NA,NA,NA,NA,NA,NA,NA,NA,Hinds
67,jacksonville,Duval,FL,1,0.07567878,0.289423341,0.565494373,0.048515896,0.272741943,0.634894073,0.068593537,0.265949312,0.603420946,NA,NA,NA,NA,NA,NA,NA,NA,NA,Duval
68,jersey city,Hudson,NJ,1,0.27596538,0.238598992,0.214859688,0.244702658,0.288368495,0.294880119,0.255075632,0.224461996,0.239898777,0.248785119,0.185368927,0.23791274,0.261711205,0.254094732,0.283258936,0.235262066,0.179690383,0.251298677,Hudson
69,kansas city,"Cass, Clay, Jackson,  Platte",MO,"0, .25, .65, .1",0.099957537,0.295576395,0.54866385,0.051181952,0.285439273,0.624853929,0.083590789,0.277769948,0.590480414,0.119948451,0.257587911,0.528224809,0.067165407,0.266866263,0.619073142,0.103502965,0.245106609,0.566635864,Jackson
70,kennewick,Benton,WA,1,NA,NA,NA,NA,NA,NA,NA,NA,NA,NA,NA,NA,NA,NA,NA,NA,NA,NA,Benton
71,knoxville,Knox,TN,1,0.045991824,0.165665406,0.744691239,0.016232817,0.144506433,0.817599715,0.038239603,0.148475884,0.778427101,NA,NA,NA,NA,NA,NA,NA,NA,NA,Knox
72,lafayette,Lafayette,LA,1,NA,NA,NA,NA,NA,NA,NA,NA,NA,NA,NA,NA,NA,NA,NA,NA,NA,NA,Lafayette
73,lakeland,Polk,FL,1,0.126162109,0.203017662,0.631118337,0.07276737,0.177406066,0.727301327,0.107794008,0.177121654,0.682547485,NA,NA,NA,NA,NA,NA,NA,NA,NA,Polk
74,lansing,"Clinton, Eaton, Ingham",MI,".01, .04, .95",0.12475372,0.228347115,0.555832522,0.088756357,0.201849428,0.653297797,0.102824999,0.20831521,0.618336849,0.137135581,0.224810418,0.514202944,0.105510168,0.203130001,0.619389534,0.119712807,0.208457277,0.567031213,Ingham
75,laredo,Webb,TX,1,0.956158106,0.002026852,0.034280461,0.93416253,0.003831582,0.05479974,0.94968613,0.002290712,0.039409898,0.951459991,0.003029658,0.035976099,0.938167834,0.004133453,0.051515604,0.947390975,0.003617436,0.039116338,Webb
76,las vegas,Clark,NV,1,0.314747943,0.106127229,0.479480193,0.155726839,0.123353871,0.629778748,0.268665454,0.105405741,0.529157884,0.333184203,0.123277477,0.404317332,0.22132762,0.133731331,0.534634384,0.297107464,0.121257193,0.44486448,Clark
77,lexington,Fayette,KY,1,0.069213998,0.143123314,0.730459116,0.016766527,0.138171597,0.821455683,0.057442273,0.132179123,0.763554336,0.092231896,0.147266022,0.667572448,0.028344632,0.138970266,0.789622905,0.075206888,0.13687406,0.70675333,Fayette
78,lincoln,Lancaster,NE,1,0.062568565,0.036877937,0.831259655,0.031291962,0.027792609,0.902388518,0.050049277,0.032597961,0.86112114,0.085646541,0.045401162,0.76531558,0.048756055,0.0360364,0.860456784,0.071511058,0.041501695,0.797085239,Lancaster
79,little rock,Pulaski,AR,1,0.067599481,0.421450549,0.466646735,0.017635775,0.410698275,0.547439526,0.058991289,0.391376453,0.510027517,0.101036509,0.401312546,0.42174039,0.030139665,0.415699606,0.518113174,0.085698838,0.387546545,0.456481075,Pulaski
80,long beach,Los Angeles,CA,1,0.407862832,0.129616758,0.293333076,0.249832173,0.154715954,0.427926216,0.355944807,0.12820584,0.343235485,0.433195585,0.119742724,0.260955532,0.330491448,0.142961056,0.361073065,0.396304989,0.119707684,0.29368347,Los Angeles
81,los angeles,Los Angeles,CA,1,0.484966321,0.091590575,0.286478903,0.303628372,0.131234399,0.427427422,0.436084302,0.093756342,0.32212745,0.469477727,0.082724197,0.288747199,0.366472623,0.111022909,0.374534554,0.43511497,0.085225772,0.312891609,Los Angeles
82,louisville,Jefferson,KY,1,0.043910715,0.20571064,0.705118679,0.01393726,0.188606223,0.774006348,0.037652305,0.188228199,0.738617344,0.075380576,0.213378152,0.626143455,0.026544697,0.203556167,0.733504403,0.066897133,0.19786237,0.662819816,Jefferson
83,lubbock,Lubbock,TX,1,0.320050385,0.081321838,0.558267389,0.254621096,0.073995543,0.647399846,0.275594754,0.074782677,0.60999585,NA,NA,NA,NA,NA,NA,NA,NA,NA,Lubbock
84,madison,Dane,WI,1,0.068378493,0.070554274,0.757162295,0.032284754,0.056648733,0.860091075,0.054654853,0.056183124,0.799177458,0.09002312,0.073396199,0.688340912,0.045226762,0.057103688,0.8155626,0.074541386,0.06207327,0.725801019,Dane
85,mckinney,Collin County,TX,1,0.186171206,0.102169586,0.644990181,0.104348075,0.104238851,0.748876642,0.166906731,0.098323472,0.674927379,0.171017962,0.126723449,0.525167019,0.133706432,0.112722992,0.668006674,0.155910576,0.122402367,0.559247729,Collin County
86,memphis,Shelby,TN,1,0.064395445,0.624940969,0.280174201,0.016498922,0.61582346,0.349008054,0.056109657,0.595135228,0.320489286,0.098553797,0.615598263,0.236556599,0.025393051,0.652898313,0.297501129,0.082639909,0.599511594,0.270293072,Shelby
87,mesa,Maricopa,AZ,1,0.262579106,0.031908111,0.645055996,0.127001065,0.029286918,0.793649579,0.216821689,0.031305437,0.698268702,0.272863745,0.039269077,0.595814834,0.185598136,0.043901138,0.709297104,0.234420789,0.038630615,0.640713162,Maricopa
88,miami,Miami-Dade,FL,1,0.699522147,0.162752654,0.11923605,0.613097867,0.223680502,0.153078923,0.715616528,0.147871438,0.117924938,0.701973764,0.118640332,0.139831792,0.668511511,0.167211723,0.142809126,0.711344514,0.111025077,0.139322477,Miami-Dade
89,milwaukee,Milwaukee,WI,1,0.173152176,0.39233809,0.370165289,0.087767029,0.37579665,0.494542834,0.145795196,0.355020018,0.445562492,0.201449127,0.378192184,0.322971017,0.124329088,0.381489271,0.437313787,0.176419008,0.351078214,0.386472982,Milwaukee
90,minneapolis,Hennepin,MN,1,0.104730784,0.182774236,0.603034365,0.029811724,0.138669134,0.758751561,0.085197953,0.15429804,0.667231767,0.103516718,0.188545109,0.580540484,0.049889001,0.149994745,0.710696689,0.088545903,0.159271261,0.634144995,Hennepin
91,mobile,Mobile,AL,1,0.023591787,0.503199928,0.438876132,0.010003743,0.469961656,0.500683898,0.022636714,0.464288882,0.481253615,NA,NA,NA,NA,NA,NA,NA,NA,NA,Mobile
92,modesto,Stanislaus,CA,1,0.354840524,0.037430777,0.494066631,0.232564973,0.036649477,0.636529488,0.303833131,0.036907207,0.549159069,NA,NA,NA,NA,NA,NA,NA,NA,NA,Stanislaus
93,montgomery,Montgomery,AL,1,NA,NA,NA,NA,NA,NA,NA,NA,NA,NA,NA,NA,NA,NA,NA,NA,NA,NA,Montgomery
94,murrieta,Riverside,CA,1,0.2589717,0.049891834,0.556575382,0.205744262,0.048519143,0.640315565,0.227983812,0.05048474,0.594382281,0.30582991,0.05628076,0.463513086,0.262364817,0.047538235,0.55256509,0.276497018,0.057381477,0.496119375,Riverside
95,nashua,Hillsborough,NH,1,0.098389434,0.022576514,0.789791513,0.046565338,0.018870884,0.886801026,0.079526503,0.021042844,0.822467781,NA,NA,NA,NA,NA,NA,NA,NA,NA,Hillsborough
96,nashville,Davidson,TN,1,0.097544503,0.274648823,0.574184714,0.022263346,0.270099888,0.677191958,0.080927382,0.25419349,0.618194805,0.137074361,0.239578656,0.540335839,0.03831643,0.272277844,0.645934092,0.114380265,0.226964538,0.581439131,Davidson
97,new orleans,Orleans Parish,LA,1,0.052489149,0.595976087,0.304586962,0.032260739,0.576825194,0.355082404,0.05423721,0.557561136,0.341525269,NA,NA,NA,NA,NA,NA,NA,NA,NA,Orleans Parish
98,new york,"Bronx, Kings, New York, Queens, Richmond",NY,".17, .31, .19, .27, .06",0.285841029,0.227676802,0.332960292,0.225329887,0.241688154,0.419035724,0.266853921,0.22163765,0.356439446,0.282882189,0.201806091,0.30890586,0.249414399,0.235737657,0.375260902,0.269755786,0.201000532,0.322850719,"Bronx, Kings, New York, Queens, Richmond"
99,newark,Essex,NJ,1,0.338670748,0.49753779,0.116111281,0.258952819,0.589976328,0.126762732,0.326877026,0.489445247,0.132547342,NA,NA,NA,NA,NA,NA,NA,NA,NA,Essex
100,norfolk,Norfolk City,VA,1,0.066488963,0.422328872,0.4422206,0.04370894,0.415268506,0.49579951,0.061893263,0.39701214,0.478018248,0.097214509,0.393088775,0.408340205,0.063332634,0.398864845,0.473934043,0.088701722,0.379676722,0.436338883,Norfolk City
101,oakland,Alameda,CA,1,0.253625587,0.272713833,0.259141703,0.111483174,0.342294047,0.351147792,0.218625355,0.273743595,0.290114774,0.287841416,0.207781007,0.272762547,0.167829281,0.25723434,0.360687108,0.255954493,0.212529102,0.297931594,Alameda
102,ogden,Weber,UT,1,0.301100646,0.018746677,0.634596285,0.124762649,0.02184102,0.810221782,0.25050491,0.020031499,0.68773996,0.308094344,0.020150943,0.603937716,0.221107604,0.018643269,0.710075967,0.268148234,0.021398757,0.646851791,Weber
103,oklahoma city,"Canadian,  Cleveland, Oklahoma,  Pottawatomie",OK,".08, .11, .8,0",0.172418097,0.147739353,0.566670812,0.062511085,0.145342034,0.689450664,0.138279945,0.140302884,0.619436911,0.2125275,0.137604167,0.495008846,0.101225625,0.149899695,0.634134807,0.178027757,0.135523927,0.542810382,Oklahoma
104,omaha,Douglas,NE,1,0.120385368,0.123532113,0.701212364,0.047980435,0.11000048,0.807828328,0.096091051,0.112568231,0.746704997,0.154231132,0.121147351,0.624518446,0.071878984,0.109813621,0.773370603,0.126250679,0.112590795,0.675162324,Douglas
105,orlando,Orange,FL,1,0.254475756,0.265417168,0.414497799,0.183976929,0.253885854,0.517516577,0.238700378,0.241277388,0.457130723,0.329262522,0.227571584,0.335065426,0.285795647,0.232607489,0.422756486,0.317051236,0.213593543,0.365065231,Orange
106,oxnard,Ventura,CA,1,0.735473282,0.024063012,0.148679803,0.528017932,0.047669636,0.284128034,0.685164612,0.027837978,0.186021856,0.747242553,0.020968179,0.130652728,0.638378768,0.032653779,0.213494302,0.705021954,0.024033489,0.158869258,Ventura
107,philadelphia,Philadelphia,PA,1,0.122943023,0.422227159,0.36863924,0.090362461,0.421629782,0.434748479,0.104925018,0.399097417,0.411273632,0.148570815,0.382739571,0.343451073,0.118545142,0.407494155,0.396494872,0.131056999,0.368602341,0.377761012,Philadelphia
108,phoenix,Maricopa,AZ,1,0.408185621,0.060057563,0.465063218,0.216849385,0.066597652,0.664368813,0.347029541,0.059444198,0.529439893,0.411372811,0.07368868,0.417761189,0.307627386,0.072998183,0.549438609,0.36655989,0.071444253,0.468309671,Maricopa
109,pittsburgh,Allegheny,PA,1,0.022780006,0.257904225,0.648305754,0.015865259,0.230742334,0.715314472,0.021038819,0.226443271,0.686697396,0.038353506,0.225480325,0.617547556,0.027125644,0.214077801,0.711175335,0.034628134,0.201591972,0.65378442,Allegheny
110,plano,"Collin County, Denton",TX,".97, .03",0.146962282,0.0738331,0.583684115,0.081567892,0.071121745,0.723214286,0.128750037,0.070259645,0.620200403,0.160458642,0.087637801,0.463080602,0.098916439,0.093196639,0.642876182,0.143553339,0.084300396,0.501924512,Collin
111,poughkeepsie,Dutchess,NY,1,NA,NA,NA,NA,NA,NA,NA,NA,NA,NA,NA,NA,NA,NA,NA,NA,NA,NA,Dutchess
112,providence,Providence,RI,1,0.381166651,0.131489804,0.375561987,0.22085798,0.127787961,0.570769189,0.327635239,0.122596141,0.440863935,0.4389738,0.117469877,0.324284772,0.328951231,0.138920541,0.456261987,0.395196007,0.113225645,0.371395342,Providence
113,provo,Utah,UT,1,0.15209182,0.005981348,0.774934959,0.058884513,0.0059101,0.889374249,0.124287787,0.005736727,0.807246288,0.185838603,0.008439926,0.708952654,0.103244652,0.005289041,0.824355686,0.161442163,0.00836268,0.73990165,Utah
114,raleigh,"Durham, Wake",NC,"0,1",0.113659038,0.286843143,0.533114308,0.029403494,0.294157954,0.634830711,0.095365532,0.268957292,0.574121338,0.129509069,0.257340354,0.516210442,0.0546732,0.28116291,0.606918169,0.110131878,0.247847737,0.549944108,Wake
115,reading,Berks,PA,1,0.580914537,0.099891629,0.287231891,0.396442302,0.110514257,0.46671057,0.504388348,0.103841025,0.363888572,NA,NA,NA,NA,NA,NA,NA,NA,NA,Berks
116,reno,Washoe,NV,1,0.240627628,0.026298504,0.627514516,0.11422801,0.028075647,0.777752971,0.196013493,0.025845434,0.678172777,0.253573354,0.028675259,0.575440052,0.15787112,0.032921775,0.709542623,0.218530689,0.028390147,0.616543811,Washoe
117,richmond,Richmond City,VA,1,0.062583074,0.500749713,0.390945871,0.021207864,0.497759983,0.444920706,0.057160675,0.464413754,0.43138765,0.104729776,0.399343681,0.420215569,0.026519944,0.453782041,0.471172451,0.089800651,0.379712119,0.454921746,Richmond City
118,riverside,Riverside,CA,1,0.49024299,0.065518722,0.340313533,0.336709272,0.076775305,0.490669334,0.431994775,0.068712364,0.386497569,0.547312134,0.05976618,0.276878727,0.456739321,0.068563501,0.369563286,0.506047115,0.063211998,0.309196365,Riverside
119,rochester,Monroe,NY,1,0.16303977,0.39340276,0.379118423,0.123034421,0.34934824,0.490830487,0.135568264,0.352909244,0.453143631,0.197904703,0.38032571,0.330974187,0.16065673,0.352908652,0.438777173,0.169909565,0.353927007,0.389561719,Monroe
120,rockford,"Ogle, Winnebago",IL,"0,1",0.157862745,0.200071339,0.585016549,0.065429253,0.187715502,0.713474017,0.124711383,0.178299461,0.652642521,NA,NA,NA,NA,NA,NA,NA,NA,NA,Winnebago
121,sacramento,Sacramento,CA,1,0.268668737,0.139347095,0.344969232,0.171100321,0.147572019,0.468330865,0.232423253,0.133196072,0.396376247,0.288141237,0.125743452,0.302896094,0.223311691,0.142065073,0.392776147,0.260229224,0.123356474,0.340743721,Sacramento
122,salem,"Marion, Polk",OR,".85, .15",NA,NA,NA,NA,NA,NA,NA,NA,NA,NA,NA,NA,NA,NA,NA,NA,NA,NA,Marion
123,salt lake city,Salt Lake,UT,1,0.223392177,0.024758732,0.65599529,0.098641967,0.018703281,0.823140478,0.181282199,0.021438378,0.707669711,0.207826954,0.027373036,0.634234848,0.121587704,0.018286512,0.777428524,0.180120597,0.024779235,0.672255471,Salt Lake
124,san antonio,"Bexar, Comal, Medina",TX,"1,0,0",0.632281315,0.062115326,0.266552965,0.559750684,0.07006327,0.341919614,0.595017967,0.063942779,0.302050877,0.638476137,0.065339458,0.234152427,0.599664694,0.069510926,0.294214379,0.610156746,0.066595728,0.262093688,Bexar
125,san bernardino,San Bernardino,CA,1,0.600288173,0.14229053,0.19072277,0.438534074,0.191186001,0.308812544,0.545780863,0.145954308,0.237403753,0.680645462,0.117667003,0.128991501,0.550783415,0.163249148,0.209492621,0.642665264,0.122831629,0.156355684,San Bernardino
126,san diego,San Diego County,CA,1,0.287789012,0.062894291,0.450944937,0.18568358,0.069046108,0.576140844,0.249661291,0.060910964,0.494296271,NA,NA,NA,NA,NA,NA,NA,NA,NA,San Diego County
127,san francisco,San Francisco,CA,1,0.151227902,0.058096083,0.419071453,0.105639922,0.066679286,0.492439665,0.139703974,0.056179421,0.442167317,0.156378731,0.051530363,0.390698539,0.121174887,0.054056583,0.450510803,0.145887008,0.051406105,0.405839865,San Francisco
128,san jose,Santa Clara,CA,1,0.337729108,0.028541909,0.288473394,0.234261752,0.035623734,0.407498892,0.300556421,0.030119403,0.321836962,0.312233484,0.027059482,0.232886267,0.251954414,0.033441527,0.330364265,0.287097222,0.028137747,0.254925532,Santa Clara
129,santa ana,Orange,CA,1,0.782685223,0.009813558,0.092386891,0.561091417,0.026463187,0.228681029,0.737240305,0.011940912,0.118283163,0.767040936,0.008844565,0.085327859,0.646423003,0.01270731,0.169907156,0.733094861,0.010253986,0.102095152,Orange
130,santa clara,Santa Clara,CA,1,0.19406076,0.025129733,0.361424123,0.156743227,0.028985948,0.513294533,0.171551269,0.024877541,0.396962334,0.176650785,0.021223352,0.281610117,0.163881382,0.031834358,0.429917856,0.161638502,0.02142834,0.303916622,Santa Clara
131,santa rosa,Sonoma,CA,1,0.297245685,0.021554105,0.586049349,0.126725858,0.022750256,0.771584382,0.244193625,0.021240026,0.646241157,0.343382471,0.021351879,0.507753716,0.202899794,0.017966454,0.688448993,0.296371662,0.021955216,0.558204769,Sonoma
132,savannah,Chatham,GA,1,0.046903394,0.54868117,0.362362649,0.02300767,0.541587837,0.418229583,0.044044154,0.507306565,0.409142686,0.066240356,0.486161857,0.365962927,0.040869306,0.527435745,0.3986373,0.061477591,0.455671372,0.403628472,Chatham
133,seattle,King,WA,1,0.066395549,0.077619563,0.662293059,0.0409054,0.065496096,0.740098303,0.059114893,0.069804975,0.686591628,0.082222737,0.068267735,0.594007163,0.056705067,0.060696192,0.699285535,0.076140747,0.061620713,0.610998186,King
134,shreveport,"Bossier Parish, Caddo Parish",LA,"0.01, .99",0.025195194,0.544183662,0.400249298,0.016658168,0.507106947,0.454257332,0.023406245,0.509872195,0.439367859,NA,NA,NA,NA,NA,NA,NA,NA,NA,Caddo Parish
135,south bend,St. Joseph,IN,1,0.12955255,0.26162521,0.558601511,0.048305105,0.238320008,0.68364036,0.099236989,0.236920426,0.628249354,NA,NA,NA,NA,NA,NA,NA,NA,NA,St. Joseph
136,spokane,Spokane,WA,1,0.050142746,0.022264241,0.839740411,0.032601813,0.020028822,0.88916609,0.039354275,0.020436133,0.867990234,NA,NA,NA,NA,NA,NA,NA,NA,NA,Spokane
137,springfield,Hampden,MA,1,0.388394309,0.195532846,0.367562282,0.298058639,0.186881231,0.483692791,0.330176194,0.19178607,0.435318029,NA,NA,NA,NA,NA,NA,NA,NA,NA,Hampden
138,st louis,St. Louis City,MO,1,0.034875276,0.489614006,0.422018787,0.018594603,0.469054521,0.475942179,0.031437675,0.447915787,0.470807586,NA,NA,NA,NA,NA,NA,NA,NA,NA,St. Louis City
139,st paul,Ramsey,MN,1,0.095808598,0.153019391,0.559299035,0.049666346,0.117315864,0.722798402,0.079066089,0.133264257,0.637414361,NA,NA,NA,NA,NA,NA,NA,NA,NA,Ramsey
140,st petersburg,Pinellas,FL,1,0.066356621,0.235939056,0.641874296,0.04608968,0.214677461,0.699989182,0.059401697,0.209138448,0.682924945,NA,NA,NA,NA,NA,NA,NA,NA,NA,Pinellas
141,stockton,San Joaquin,CA,1,0.403743278,0.114692342,0.229153061,0.276992291,0.132378962,0.355498666,0.359666042,0.112693605,0.274871707,NA,NA,NA,NA,NA,NA,NA,NA,NA,San Joaquin
142,syracuse,Onondaga,NY,1,0.08296602,0.280206109,0.527918075,0.052361932,0.245721265,0.648221871,0.066941494,0.241220249,0.597324596,NA,NA,NA,NA,NA,NA,NA,NA,NA,Onondaga
143,tampa,Hillsborough,FL,1,0.23084951,0.247450053,0.463176863,0.178008786,0.239048772,0.547837586,0.220311504,0.223240491,0.503329197,0.256359934,0.209503457,0.433177907,0.214543768,0.217724594,0.512781464,0.246948559,0.194315463,0.46485592,Hillsborough
144,toledo,Lucas,OH,1,0.073911101,0.26754099,0.614366479,0.04738463,0.246009314,0.686571421,0.057257904,0.249011504,0.661370108,NA,NA,NA,NA,NA,NA,NA,NA,NA,Lucas
145,trenton,Mercer,NJ,1,0.335234041,0.499981966,0.134623087,0.178739748,0.574632822,0.220106928,0.319112263,0.490453846,0.163618087,NA,NA,NA,NA,NA,NA,NA,NA,NA,Mercer
146,tucson,Pima,AZ,1,0.416239177,0.045004654,0.470961143,0.293397893,0.043485107,0.605357108,0.361647574,0.044418483,0.529102583,0.421775999,0.051025194,0.436527868,0.363647208,0.04478136,0.523734685,0.381953355,0.049057586,0.481009241,Pima
147,tulsa,Tulsa,OK,1,0.142801809,0.147163108,0.586044843,0.050568548,0.138920953,0.705668103,0.114930642,0.133417098,0.641871004,0.193398162,0.138866044,0.489714482,0.077624574,0.142010798,0.654069369,0.159470117,0.132804429,0.545400561,Tulsa
148,tuscaloosa,Tuscaloosa,AL,1,0.029885449,0.412488787,0.527020377,0.009431334,0.40799948,0.5677837,0.027652367,0.368538062,0.574639671,0.054633508,0.410108543,0.478727671,0.015895265,0.42503921,0.539667325,0.053897112,0.379032376,0.512992339,Tuscaloosa
149,virginia beach,Virginia Beach City,VA,1,0.066190003,0.189966146,0.644944305,0.044979301,0.182049834,0.698618278,0.056401921,0.180936726,0.673786451,0.087945459,0.179710727,0.586758373,0.065339549,0.187975737,0.65371109,0.075753852,0.176526118,0.61491373,Virginia Beach City
150,visalia,Tulare,CA,1,0.460301059,0.017382029,0.442471173,0.32679755,0.017597382,0.592336603,0.402573234,0.017464098,0.502296751,NA,NA,NA,NA,NA,NA,NA,NA,NA,Tulare
151,washington,district of columbia,DC,1,0.090987128,0.5003179,0.348107268,0.04587151,0.521494641,0.386473266,0.08526121,0.46964493,0.38317031,NA,NA,NA,NA,NA,NA,NA,NA,NA,district of columbia
152,wichita,Sedgwick,KS,1,0.15259417,0.11159969,0.645357812,0.073422274,0.105522565,0.757087637,0.119609212,0.105368158,0.697220242,0.183106307,0.106217398,0.587875566,0.103047191,0.100747258,0.716619932,0.151872627,0.101681487,0.634166385,Sedgwick
153,winston-salem,Forsyth,NC,1,0.147002342,0.339985637,0.471319884,0.03331917,0.365274321,0.577742426,0.113543419,0.332879806,0.519197779,0.17165403,0.319651704,0.43976036,0.066969052,0.364598943,0.534597454,0.137582561,0.318216916,0.481633585,Forsyth
154,worcester,Worcester,MA,1,0.208893413,0.102186723,0.595512176,0.148074562,0.061721203,0.744438834,0.171952171,0.091502446,0.651455763,NA,NA,NA,NA,NA,NA,NA,NA,NA,Worcester
155,youngstown,"Mahoning, Trumbull",OH,".99, .01",0.092549901,0.441292529,0.429977763,0.050792672,0.418472196,0.513163526,0.083156054,0.408201765,0.483084346,NA,NA,NA,NA,NA,NA,NA,NA,NA,Mahoning